ym,gu_code,gu_name,신규구인,신규구직,취업건수,유효구인
202607,11110,종로구,0,865,434,0
202607,11170,용산구,0,1213,503,0
202607,11215,광진구,0,2516,847,0
202607,11140,중구,0,717,395,0
202607,11230,동대문구,0,2686,862,0
202607,11290,성북구,0,2890,995,0
202607,11200,성동구,0,1634,709,0
202607,11305,강북구,0,2302,1079,0
202607,11260,중랑구,0,3098,1321,0
202607,11380,은평구,0,3464,1453,0
202607,11410,서대문구,0,2481,751,0
202607,11350,노원구,0,3661,1209,0
202607,11440,마포구,0,2500,962,0
202607,11500,강서구,0,4134,1494,0
202607,11470,양천구,0,2695,1107,0
202607,11545,금천구,0,2193,1055,0
202607,11590,동작구,0,2764,1168,0
202607,11560,영등포구,0,2653,1023,0
202607,11320,도봉구,0,2398,1053,0
202607,11620,관악구,0,4444,1668,0
202607,11710,송파구,0,3899,1315,0
202607,11650,서초구,0,1664,694,0
202607,11740,강동구,0,3186,1197,0
202607,11530,구로구,0,3167,1132,0
202607,11680,강남구,0,2446,807,0
202606,11170,용산구,0,1130,284,0
202606,11200,성동구,0,1561,423,0
202606,11215,광진구,0,2473,757,0
202606,11110,종로구,0,825,250,0
202606,11230,동대문구,0,2394,813,0
202606,11140,중구,0,692,219,0
202606,11260,중랑구,0,3007,924,0
202606,11320,도봉구,0,2279,732,0
202606,11305,강북구,0,2157,720,0
202606,11380,은평구,0,3308,1015,0
202606,11290,성북구,0,2845,844,0
202606,11350,노원구,0,3555,1022,0
202606,11470,양천구,0,2492,771,0
202606,11440,마포구,0,2416,723,0
202606,11410,서대문구,0,1980,567,0
202606,11530,구로구,0,3028,1013,0
202606,11500,강서구,0,3939,1286,0
202606,11545,금천구,0,2454,664,0
202606,11650,서초구,0,1594,446,0
202608,11140,중구,0,614,203,0
202608,11170,용산구,0,1013,341,0
202608,11215,광진구,0,2283,671,0
202608,11110,종로구,0,772,236,0
202608,11200,성동구,0,1534,424,0
202608,11260,중랑구,0,2763,840,0
202608,11230,동대문구,0,2452,681,0
202608,11305,강북구,0,2086,617,0
202608,11290,성북구,0,2682,773,0
202608,11320,도봉구,0,2126,631,0
202608,11380,은평구,0,3220,983,0
202608,11350,노원구,0,3302,952,0
202608,11470,양천구,0,2355,752,0
202608,11440,마포구,0,2274,702,0
202608,11410,서대문구,0,1862,608,0
202608,11500,강서구,0,3625,1192,0
202608,11545,금천구,0,1882,695,0
202608,11560,영등포구,0,2295,766,0
202608,11620,관악구,0,3914,1410,0
202608,11530,구로구,0,2822,1095,0
202608,11650,서초구,0,1551,428,0
202608,11680,강남구,0,2229,556,0
202608,11590,동작구,0,2627,802,0
202608,11740,강동구,0,2906,837,0
202608,11710,송파구,0,3354,963,0
202606,11560,영등포구,0,2511,818,0
202606,11590,동작구,0,2789,876,0
202606,11680,강남구,0,2193,580,0
202606,11620,관악구,0,4293,1467,0
202606,11740,강동구,0,2981,984,0
202606,11710,송파구,0,3421,1029,0
202605,11170,용산구,0,1177,327,0
202605,11110,종로구,0,1026,254,0
202605,11215,광진구,0,2240,689,0
202605,11200,성동구,0,1955,417,0
202605,11140,중구,0,915,185,0
202605,11260,중랑구,0,3507,847,0
202605,11230,동대문구,0,2323,742,0
202605,11290,성북구,0,2475,843,0
202605,11320,도봉구,0,2729,690,0
202605,11350,노원구,0,3317,974,0
202605,11305,강북구,0,2603,662,0
202605,11440,마포구,0,2327,685,0
202605,11470,양천구,0,2705,766,0
202605,11410,서대문구,0,2026,601,0
202605,11530,구로구,0,3336,960,0
202605,11650,서초구,0,1747,408,0
202605,11620,관악구,0,4024,1333,0
202605,11545,금천구,0,2014,609,0
202605,11560,영등포구,0,2562,780,0
202605,11500,강서구,0,3755,1235,0
202605,11740,강동구,0,3158,891,0
